id,email_subject,email_body
1,"Clarification needed for search functionality","There are some ambiguities regarding the search functionality feature.
We need more clarity on how it should behave in different scenarios.
For instance, what are the expected user flows and constraints?
Should there be any limits or validation rules applied?
Also, how should edge cases be handled within this feature?
Please clarify so that development can proceed without misalignment."
1,"Clarification needed for search functionality","There are some ambiguities regarding the search functionality feature.
We need more clarity on how it should behave in different scenarios.
For instance, what are the expected user flows and constraints?
Should there be any limits or validation rules applied?
Also, how should edge cases be handled within this feature?
Please clarify so that development can proceed without misalignment."
1,"Clarification needed for search functionality","There are some ambiguities regarding the search functionality feature.
We need more clarity on how it should behave in different scenarios.
For instance, what are the expected user flows and constraints?
Should there be any limits or validation rules applied?
Also, how should edge cases be handled within this feature?
Please clarify so that development can proceed without misalignment."
2,"Clarification needed for analytics module","There are some ambiguities regarding the analytics module feature.
We need more clarity on how it should behave in different scenarios.
For instance, what are the expected user flows and constraints?
Should there be any limits or validation rules applied?
Also, how should edge cases be handled within this feature?
Please clarify so that development can proceed without misalignment."
3,"Clarification needed for reporting dashboard","There are some ambiguities regarding the reporting dashboard feature.
We need more clarity on how it should behave in different scenarios.
For instance, what are the expected user flows and constraints?
Should there be any limits or validation rules applied?
Also, how should edge cases be handled within this feature?
Please clarify so that development can proceed without misalignment."
3,"Clarification needed for reporting dashboard","There are some ambiguities regarding the reporting dashboard feature.
We need more clarity on how it should behave in different scenarios.
For instance, what are the expected user flows and constraints?
Should there be any limits or validation rules applied?
Also, how should edge cases be handled within this feature?
Please clarify so that development can proceed without misalignment."
7,"Clarification needed for user authentication","There are some ambiguities regarding the user authentication feature.
We need more clarity on how it should behave in different scenarios.
For instance, what are the expected user flows and constraints?
Should there be any limits or validation rules applied?
Also, how should edge cases be handled within this feature?
Please clarify so that development can proceed without misalignment."
8,"Clarification needed for user profile","There are some ambiguities regarding the user profile feature.
We need more clarity on how it should behave in different scenarios.
For instance, what are the expected user flows and constraints?
Should there be any limits or validation rules applied?
Also, how should edge cases be handled within this feature?
Please clarify so that development can proceed without misalignment."
8,"Clarification needed for user profile","There are some ambiguities regarding the user profile feature.
We need more clarity on how it should behave in different scenarios.
For instance, what are the expected user flows and constraints?
Should there be any limits or validation rules applied?
Also, how should edge cases be handled within this feature?
Please clarify so that development can proceed without misalignment."
8,"Clarification needed for user profile","There are some ambiguities regarding the user profile feature.
We need more clarity on how it should behave in different scenarios.
For instance, what are the expected user flows and constraints?
Should there be any limits or validation rules applied?
Also, how should edge cases be handled within this feature?
Please clarify so that development can proceed without misalignment."
9,"Clarification needed for search functionality","There are some ambiguities regarding the search functionality feature.
We need more clarity on how it should behave in different scenarios.
For instance, what are the expected user flows and constraints?
Should there be any limits or validation rules applied?
Also, how should edge cases be handled within this feature?
Please clarify so that development can proceed without misalignment."
9,"Clarification needed for search functionality","There are some ambiguities regarding the search functionality feature.
We need more clarity on how it should behave in different scenarios.
For instance, what are the expected user flows and constraints?
Should there be any limits or validation rules applied?
Also, how should edge cases be handled within this feature?
Please clarify so that development can proceed without misalignment."
10,"Clarification needed for file upload","There are some ambiguities regarding the file upload feature.
We need more clarity on how it should behave in different scenarios.
For instance, what are the expected user flows and constraints?
Should there be any limits or validation rules applied?
Also, how should edge cases be handled within this feature?
Please clarify so that development can proceed without misalignment."
10,"Clarification needed for file upload","There are some ambiguities regarding the file upload feature.
We need more clarity on how it should behave in different scenarios.
For instance, what are the expected user flows and constraints?
Should there be any limits or validation rules applied?
Also, how should edge cases be handled within this feature?
Please clarify so that development can proceed without misalignment."
11,"Clarification needed for notification system","There are some ambiguities regarding the notification system feature.
We need more clarity on how it should behave in different scenarios.
For instance, what are the expected user flows and constraints?
Should there be any limits or validation rules applied?
Also, how should edge cases be handled within this feature?
Please clarify so that development can proceed without misalignment."
12,"Clarification needed for search functionality","There are some ambiguities regarding the search functionality feature.
We need more clarity on how it should behave in different scenarios.
For instance, what are the expected user flows and constraints?
Should there be any limits or validation rules applied?
Also, how should edge cases be handled within this feature?
Please clarify so that development can proceed without misalignment."
12,"Clarification needed for search functionality","There are some ambiguities regarding the search functionality feature.
We need more clarity on how it should behave in different scenarios.
For instance, what are the expected user flows and constraints?
Should there be any limits or validation rules applied?
Also, how should edge cases be handled within this feature?
Please clarify so that development can proceed without misalignment."
12,"Clarification needed for search functionality","There are some ambiguities regarding the search functionality feature.
We need more clarity on how it should behave in different scenarios.
For instance, what are the expected user flows and constraints?
Should there be any limits or validation rules applied?
Also, how should edge cases be handled within this feature?
Please clarify so that development can proceed without misalignment."
13,"Clarification needed for file upload","There are some ambiguities regarding the file upload feature.
We need more clarity on how it should behave in different scenarios.
For instance, what are the expected user flows and constraints?
Should there be any limits or validation rules applied?
Also, how should edge cases be handled within this feature?
Please clarify so that development can proceed without misalignment."
13,"Clarification needed for file upload","There are some ambiguities regarding the file upload feature.
We need more clarity on how it should behave in different scenarios.
For instance, what are the expected user flows and constraints?
Should there be any limits or validation rules applied?
Also, how should edge cases be handled within this feature?
Please clarify so that development can proceed without misalignment."
13,"Clarification needed for file upload","There are some ambiguities regarding the file upload feature.
We need more clarity on how it should behave in different scenarios.
For instance, what are the expected user flows and constraints?
Should there be any limits or validation rules applied?
Also, how should edge cases be handled within this feature?
Please clarify so that development can proceed without misalignment."
14,"Clarification needed for settings configuration","There are some ambiguities regarding the settings configuration feature.
We need more clarity on how it should behave in different scenarios.
For instance, what are the expected user flows and constraints?
Should there be any limits or validation rules applied?
Also, how should edge cases be handled within this feature?
Please clarify so that development can proceed without misalignment."
14,"Clarification needed for settings configuration","There are some ambiguities regarding the settings configuration feature.
We need more clarity on how it should behave in different scenarios.
For instance, what are the expected user flows and constraints?
Should there be any limits or validation rules applied?
Also, how should edge cases be handled within this feature?
Please clarify so that development can proceed without misalignment."
14,"Clarification needed for settings configuration","There are some ambiguities regarding the settings configuration feature.
We need more clarity on how it should behave in different scenarios.
For instance, what are the expected user flows and constraints?
Should there be any limits or validation rules applied?
Also, how should edge cases be handled within this feature?
Please clarify so that development can proceed without misalignment."
15,"Clarification needed for search functionality","There are some ambiguities regarding the search functionality feature.
We need more clarity on how it should behave in different scenarios.
For instance, what are the expected user flows and constraints?
Should there be any limits or validation rules applied?
Also, how should edge cases be handled within this feature?
Please clarify so that development can proceed without misalignment."
15,"Clarification needed for search functionality","There are some ambiguities regarding the search functionality feature.
We need more clarity on how it should behave in different scenarios.
For instance, what are the expected user flows and constraints?
Should there be any limits or validation rules applied?
Also, how should edge cases be handled within this feature?
Please clarify so that development can proceed without misalignment."
15,"Clarification needed for search functionality","There are some ambiguities regarding the search functionality feature.
We need more clarity on how it should behave in different scenarios.
For instance, what are the expected user flows and constraints?
Should there be any limits or validation rules applied?
Also, how should edge cases be handled within this feature?
Please clarify so that development can proceed without misalignment."
15,"Clarification needed for search functionality","There are some ambiguities regarding the search functionality feature.
We need more clarity on how it should behave in different scenarios.
For instance, what are the expected user flows and constraints?
Should there be any limits or validation rules applied?
Also, how should edge cases be handled within this feature?
Please clarify so that development can proceed without misalignment."
16,"Clarification needed for reporting dashboard","There are some ambiguities regarding the reporting dashboard feature.
We need more clarity on how it should behave in different scenarios.
For instance, what are the expected user flows and constraints?
Should there be any limits or validation rules applied?
Also, how should edge cases be handled within this feature?
Please clarify so that development can proceed without misalignment."
16,"Clarification needed for reporting dashboard","There are some ambiguities regarding the reporting dashboard feature.
We need more clarity on how it should behave in different scenarios.
For instance, what are the expected user flows and constraints?
Should there be any limits or validation rules applied?
Also, how should edge cases be handled within this feature?
Please clarify so that development can proceed without misalignment."
16,"Clarification needed for reporting dashboard","There are some ambiguities regarding the reporting dashboard feature.
We need more clarity on how it should behave in different scenarios.
For instance, what are the expected user flows and constraints?
Should there be any limits or validation rules applied?
Also, how should edge cases be handled within this feature?
Please clarify so that development can proceed without misalignment."
16,"Clarification needed for reporting dashboard","There are some ambiguities regarding the reporting dashboard feature.
We need more clarity on how it should behave in different scenarios.
For instance, what are the expected user flows and constraints?
Should there be any limits or validation rules applied?
Also, how should edge cases be handled within this feature?
Please clarify so that development can proceed without misalignment."
17,"Clarification needed for user authentication","There are some ambiguities regarding the user authentication feature.
We need more clarity on how it should behave in different scenarios.
For instance, what are the expected user flows and constraints?
Should there be any limits or validation rules applied?
Also, how should edge cases be handled within this feature?
Please clarify so that development can proceed without misalignment."
17,"Clarification needed for user authentication","There are some ambiguities regarding the user authentication feature.
We need more clarity on how it should behave in different scenarios.
For instance, what are the expected user flows and constraints?
Should there be any limits or validation rules applied?
Also, how should edge cases be handled within this feature?
Please clarify so that development can proceed without misalignment."
17,"Clarification needed for user authentication","There are some ambiguities regarding the user authentication feature.
We need more clarity on how it should behave in different scenarios.
For instance, what are the expected user flows and constraints?
Should there be any limits or validation rules applied?
Also, how should edge cases be handled within this feature?
Please clarify so that development can proceed without misalignment."
17,"Clarification needed for user authentication","There are some ambiguities regarding the user authentication feature.
We need more clarity on how it should behave in different scenarios.
For instance, what are the expected user flows and constraints?
Should there be any limits or validation rules applied?
Also, how should edge cases be handled within this feature?
Please clarify so that development can proceed without misalignment."
18,"Clarification needed for messaging system","There are some ambiguities regarding the messaging system feature.
We need more clarity on how it should behave in different scenarios.
For instance, what are the expected user flows and constraints?
Should there be any limits or validation rules applied?
Also, how should edge cases be handled within this feature?
Please clarify so that development can proceed without misalignment."
18,"Clarification needed for messaging system","There are some ambiguities regarding the messaging system feature.
We need more clarity on how it should behave in different scenarios.
For instance, what are the expected user flows and constraints?
Should there be any limits or validation rules applied?
Also, how should edge cases be handled within this feature?
Please clarify so that development can proceed without misalignment."
19,"Clarification needed for reporting dashboard","There are some ambiguities regarding the reporting dashboard feature.
We need more clarity on how it should behave in different scenarios.
For instance, what are the expected user flows and constraints?
Should there be any limits or validation rules applied?
Also, how should edge cases be handled within this feature?
Please clarify so that development can proceed without misalignment."
19,"Clarification needed for reporting dashboard","There are some ambiguities regarding the reporting dashboard feature.
We need more clarity on how it should behave in different scenarios.
For instance, what are the expected user flows and constraints?
Should there be any limits or validation rules applied?
Also, how should edge cases be handled within this feature?
Please clarify so that development can proceed without misalignment."
19,"Clarification needed for reporting dashboard","There are some ambiguities regarding the reporting dashboard feature.
We need more clarity on how it should behave in different scenarios.
For instance, what are the expected user flows and constraints?
Should there be any limits or validation rules applied?
Also, how should edge cases be handled within this feature?
Please clarify so that development can proceed without misalignment."
19,"Clarification needed for reporting dashboard","There are some ambiguities regarding the reporting dashboard feature.
We need more clarity on how it should behave in different scenarios.
For instance, what are the expected user flows and constraints?
Should there be any limits or validation rules applied?
Also, how should edge cases be handled within this feature?
Please clarify so that development can proceed without misalignment."
20,"Clarification needed for task management","There are some ambiguities regarding the task management feature.
We need more clarity on how it should behave in different scenarios.
For instance, what are the expected user flows and constraints?
Should there be any limits or validation rules applied?
Also, how should edge cases be handled within this feature?
Please clarify so that development can proceed without misalignment."
20,"Clarification needed for task management","There are some ambiguities regarding the task management feature.
We need more clarity on how it should behave in different scenarios.
For instance, what are the expected user flows and constraints?
Should there be any limits or validation rules applied?
Also, how should edge cases be handled within this feature?
Please clarify so that development can proceed without misalignment."
20,"Clarification needed for task management","There are some ambiguities regarding the task management feature.
We need more clarity on how it should behave in different scenarios.
For instance, what are the expected user flows and constraints?
Should there be any limits or validation rules applied?
Also, how should edge cases be handled within this feature?
Please clarify so that development can proceed without misalignment."
21,"Clarification needed for search functionality","There are some ambiguities regarding the search functionality feature.
We need more clarity on how it should behave in different scenarios.
For instance, what are the expected user flows and constraints?
Should there be any limits or validation rules applied?
Also, how should edge cases be handled within this feature?
Please clarify so that development can proceed without misalignment."
21,"Clarification needed for search functionality","There are some ambiguities regarding the search functionality feature.
We need more clarity on how it should behave in different scenarios.
For instance, what are the expected user flows and constraints?
Should there be any limits or validation rules applied?
Also, how should edge cases be handled within this feature?
Please clarify so that development can proceed without misalignment."
23,"Clarification needed for task management","There are some ambiguities regarding the task management feature.
We need more clarity on how it should behave in different scenarios.
For instance, what are the expected user flows and constraints?
Should there be any limits or validation rules applied?
Also, how should edge cases be handled within this feature?
Please clarify so that development can proceed without misalignment."
23,"Clarification needed for task management","There are some ambiguities regarding the task management feature.
We need more clarity on how it should behave in different scenarios.
For instance, what are the expected user flows and constraints?
Should there be any limits or validation rules applied?
Also, how should edge cases be handled within this feature?
Please clarify so that development can proceed without misalignment."
24,"Clarification needed for file upload","There are some ambiguities regarding the file upload feature.
We need more clarity on how it should behave in different scenarios.
For instance, what are the expected user flows and constraints?
Should there be any limits or validation rules applied?
Also, how should edge cases be handled within this feature?
Please clarify so that development can proceed without misalignment."
24,"Clarification needed for file upload","There are some ambiguities regarding the file upload feature.
We need more clarity on how it should behave in different scenarios.
For instance, what are the expected user flows and constraints?
Should there be any limits or validation rules applied?
Also, how should edge cases be handled within this feature?
Please clarify so that development can proceed without misalignment."
25,"Clarification needed for user profile","There are some ambiguities regarding the user profile feature.
We need more clarity on how it should behave in different scenarios.
For instance, what are the expected user flows and constraints?
Should there be any limits or validation rules applied?
Also, how should edge cases be handled within this feature?
Please clarify so that development can proceed without misalignment."
28,"Clarification needed for analytics module","There are some ambiguities regarding the analytics module feature.
We need more clarity on how it should behave in different scenarios.
For instance, what are the expected user flows and constraints?
Should there be any limits or validation rules applied?
Also, how should edge cases be handled within this feature?
Please clarify so that development can proceed without misalignment."
29,"Clarification needed for user profile","There are some ambiguities regarding the user profile feature.
We need more clarity on how it should behave in different scenarios.
For instance, what are the expected user flows and constraints?
Should there be any limits or validation rules applied?
Also, how should edge cases be handled within this feature?
Please clarify so that development can proceed without misalignment."
30,"Clarification needed for search functionality","There are some ambiguities regarding the search functionality feature.
We need more clarity on how it should behave in different scenarios.
For instance, what are the expected user flows and constraints?
Should there be any limits or validation rules applied?
Also, how should edge cases be handled within this feature?
Please clarify so that development can proceed without misalignment."
30,"Clarification needed for search functionality","There are some ambiguities regarding the search functionality feature.
We need more clarity on how it should behave in different scenarios.
For instance, what are the expected user flows and constraints?
Should there be any limits or validation rules applied?
Also, how should edge cases be handled within this feature?
Please clarify so that development can proceed without misalignment."
30,"Clarification needed for search functionality","There are some ambiguities regarding the search functionality feature.
We need more clarity on how it should behave in different scenarios.
For instance, what are the expected user flows and constraints?
Should there be any limits or validation rules applied?
Also, how should edge cases be handled within this feature?
Please clarify so that development can proceed without misalignment."
30,"Clarification needed for search functionality","There are some ambiguities regarding the search functionality feature.
We need more clarity on how it should behave in different scenarios.
For instance, what are the expected user flows and constraints?
Should there be any limits or validation rules applied?
Also, how should edge cases be handled within this feature?
Please clarify so that development can proceed without misalignment."
31,"Clarification needed for analytics module","There are some ambiguities regarding the analytics module feature.
We need more clarity on how it should behave in different scenarios.
For instance, what are the expected user flows and constraints?
Should there be any limits or validation rules applied?
Also, how should edge cases be handled within this feature?
Please clarify so that development can proceed without misalignment."
31,"Clarification needed for analytics module","There are some ambiguities regarding the analytics module feature.
We need more clarity on how it should behave in different scenarios.
For instance, what are the expected user flows and constraints?
Should there be any limits or validation rules applied?
Also, how should edge cases be handled within this feature?
Please clarify so that development can proceed without misalignment."
31,"Clarification needed for analytics module","There are some ambiguities regarding the analytics module feature.
We need more clarity on how it should behave in different scenarios.
For instance, what are the expected user flows and constraints?
Should there be any limits or validation rules applied?
Also, how should edge cases be handled within this feature?
Please clarify so that development can proceed without misalignment."
31,"Clarification needed for analytics module","There are some ambiguities regarding the analytics module feature.
We need more clarity on how it should behave in different scenarios.
For instance, what are the expected user flows and constraints?
Should there be any limits or validation rules applied?
Also, how should edge cases be handled within this feature?
Please clarify so that development can proceed without misalignment."
32,"Clarification needed for file upload","There are some ambiguities regarding the file upload feature.
We need more clarity on how it should behave in different scenarios.
For instance, what are the expected user flows and constraints?
Should there be any limits or validation rules applied?
Also, how should edge cases be handled within this feature?
Please clarify so that development can proceed without misalignment."
33,"Clarification needed for notification system","There are some ambiguities regarding the notification system feature.
We need more clarity on how it should behave in different scenarios.
For instance, what are the expected user flows and constraints?
Should there be any limits or validation rules applied?
Also, how should edge cases be handled within this feature?
Please clarify so that development can proceed without misalignment."
33,"Clarification needed for notification system","There are some ambiguities regarding the notification system feature.
We need more clarity on how it should behave in different scenarios.
For instance, what are the expected user flows and constraints?
Should there be any limits or validation rules applied?
Also, how should edge cases be handled within this feature?
Please clarify so that development can proceed without misalignment."
34,"Clarification needed for settings configuration","There are some ambiguities regarding the settings configuration feature.
We need more clarity on how it should behave in different scenarios.
For instance, what are the expected user flows and constraints?
Should there be any limits or validation rules applied?
Also, how should edge cases be handled within this feature?
Please clarify so that development can proceed without misalignment."
34,"Clarification needed for settings configuration","There are some ambiguities regarding the settings configuration feature.
We need more clarity on how it should behave in different scenarios.
For instance, what are the expected user flows and constraints?
Should there be any limits or validation rules applied?
Also, how should edge cases be handled within this feature?
Please clarify so that development can proceed without misalignment."
34,"Clarification needed for settings configuration","There are some ambiguities regarding the settings configuration feature.
We need more clarity on how it should behave in different scenarios.
For instance, what are the expected user flows and constraints?
Should there be any limits or validation rules applied?
Also, how should edge cases be handled within this feature?
Please clarify so that development can proceed without misalignment."
35,"Clarification needed for user authentication","There are some ambiguities regarding the user authentication feature.
We need more clarity on how it should behave in different scenarios.
For instance, what are the expected user flows and constraints?
Should there be any limits or validation rules applied?
Also, how should edge cases be handled within this feature?
Please clarify so that development can proceed without misalignment."
36,"Clarification needed for user authentication","There are some ambiguities regarding the user authentication feature.
We need more clarity on how it should behave in different scenarios.
For instance, what are the expected user flows and constraints?
Should there be any limits or validation rules applied?
Also, how should edge cases be handled within this feature?
Please clarify so that development can proceed without misalignment."
36,"Clarification needed for user authentication","There are some ambiguities regarding the user authentication feature.
We need more clarity on how it should behave in different scenarios.
For instance, what are the expected user flows and constraints?
Should there be any limits or validation rules applied?
Also, how should edge cases be handled within this feature?
Please clarify so that development can proceed without misalignment."
36,"Clarification needed for user authentication","There are some ambiguities regarding the user authentication feature.
We need more clarity on how it should behave in different scenarios.
For instance, what are the expected user flows and constraints?
Should there be any limits or validation rules applied?
Also, how should edge cases be handled within this feature?
Please clarify so that development can proceed without misalignment."
38,"Clarification needed for notification system","There are some ambiguities regarding the notification system feature.
We need more clarity on how it should behave in different scenarios.
For instance, what are the expected user flows and constraints?
Should there be any limits or validation rules applied?
Also, how should edge cases be handled within this feature?
Please clarify so that development can proceed without misalignment."
38,"Clarification needed for notification system","There are some ambiguities regarding the notification system feature.
We need more clarity on how it should behave in different scenarios.
For instance, what are the expected user flows and constraints?
Should there be any limits or validation rules applied?
Also, how should edge cases be handled within this feature?
Please clarify so that development can proceed without misalignment."
38,"Clarification needed for notification system","There are some ambiguities regarding the notification system feature.
We need more clarity on how it should behave in different scenarios.
For instance, what are the expected user flows and constraints?
Should there be any limits or validation rules applied?
Also, how should edge cases be handled within this feature?
Please clarify so that development can proceed without misalignment."
39,"Clarification needed for notification system","There are some ambiguities regarding the notification system feature.
We need more clarity on how it should behave in different scenarios.
For instance, what are the expected user flows and constraints?
Should there be any limits or validation rules applied?
Also, how should edge cases be handled within this feature?
Please clarify so that development can proceed without misalignment."
40,"Clarification needed for messaging system","There are some ambiguities regarding the messaging system feature.
We need more clarity on how it should behave in different scenarios.
For instance, what are the expected user flows and constraints?
Should there be any limits or validation rules applied?
Also, how should edge cases be handled within this feature?
Please clarify so that development can proceed without misalignment."
41,"Clarification needed for analytics module","There are some ambiguities regarding the analytics module feature.
We need more clarity on how it should behave in different scenarios.
For instance, what are the expected user flows and constraints?
Should there be any limits or validation rules applied?
Also, how should edge cases be handled within this feature?
Please clarify so that development can proceed without misalignment."
41,"Clarification needed for analytics module","There are some ambiguities regarding the analytics module feature.
We need more clarity on how it should behave in different scenarios.
For instance, what are the expected user flows and constraints?
Should there be any limits or validation rules applied?
Also, how should edge cases be handled within this feature?
Please clarify so that development can proceed without misalignment."
41,"Clarification needed for analytics module","There are some ambiguities regarding the analytics module feature.
We need more clarity on how it should behave in different scenarios.
For instance, what are the expected user flows and constraints?
Should there be any limits or validation rules applied?
Also, how should edge cases be handled within this feature?
Please clarify so that development can proceed without misalignment."
41,"Clarification needed for analytics module","There are some ambiguities regarding the analytics module feature.
We need more clarity on how it should behave in different scenarios.
For instance, what are the expected user flows and constraints?
Should there be any limits or validation rules applied?
Also, how should edge cases be handled within this feature?
Please clarify so that development can proceed without misalignment."
42,"Clarification needed for reporting dashboard","There are some ambiguities regarding the reporting dashboard feature.
We need more clarity on how it should behave in different scenarios.
For instance, what are the expected user flows and constraints?
Should there be any limits or validation rules applied?
Also, how should edge cases be handled within this feature?
Please clarify so that development can proceed without misalignment."
42,"Clarification needed for reporting dashboard","There are some ambiguities regarding the reporting dashboard feature.
We need more clarity on how it should behave in different scenarios.
For instance, what are the expected user flows and constraints?
Should there be any limits or validation rules applied?
Also, how should edge cases be handled within this feature?
Please clarify so that development can proceed without misalignment."
42,"Clarification needed for reporting dashboard","There are some ambiguities regarding the reporting dashboard feature.
We need more clarity on how it should behave in different scenarios.
For instance, what are the expected user flows and constraints?
Should there be any limits or validation rules applied?
Also, how should edge cases be handled within this feature?
Please clarify so that development can proceed without misalignment."
43,"Clarification needed for messaging system","There are some ambiguities regarding the messaging system feature.
We need more clarity on how it should behave in different scenarios.
For instance, what are the expected user flows and constraints?
Should there be any limits or validation rules applied?
Also, how should edge cases be handled within this feature?
Please clarify so that development can proceed without misalignment."
43,"Clarification needed for messaging system","There are some ambiguities regarding the messaging system feature.
We need more clarity on how it should behave in different scenarios.
For instance, what are the expected user flows and constraints?
Should there be any limits or validation rules applied?
Also, how should edge cases be handled within this feature?
Please clarify so that development can proceed without misalignment."
44,"Clarification needed for user authentication","There are some ambiguities regarding the user authentication feature.
We need more clarity on how it should behave in different scenarios.
For instance, what are the expected user flows and constraints?
Should there be any limits or validation rules applied?
Also, how should edge cases be handled within this feature?
Please clarify so that development can proceed without misalignment."
44,"Clarification needed for user authentication","There are some ambiguities regarding the user authentication feature.
We need more clarity on how it should behave in different scenarios.
For instance, what are the expected user flows and constraints?
Should there be any limits or validation rules applied?
Also, how should edge cases be handled within this feature?
Please clarify so that development can proceed without misalignment."
45,"Clarification needed for settings configuration","There are some ambiguities regarding the settings configuration feature.
We need more clarity on how it should behave in different scenarios.
For instance, what are the expected user flows and constraints?
Should there be any limits or validation rules applied?
Also, how should edge cases be handled within this feature?
Please clarify so that development can proceed without misalignment."
45,"Clarification needed for settings configuration","There are some ambiguities regarding the settings configuration feature.
We need more clarity on how it should behave in different scenarios.
For instance, what are the expected user flows and constraints?
Should there be any limits or validation rules applied?
Also, how should edge cases be handled within this feature?
Please clarify so that development can proceed without misalignment."
46,"Clarification needed for notification system","There are some ambiguities regarding the notification system feature.
We need more clarity on how it should behave in different scenarios.
For instance, what are the expected user flows and constraints?
Should there be any limits or validation rules applied?
Also, how should edge cases be handled within this feature?
Please clarify so that development can proceed without misalignment."
46,"Clarification needed for notification system","There are some ambiguities regarding the notification system feature.
We need more clarity on how it should behave in different scenarios.
For instance, what are the expected user flows and constraints?
Should there be any limits or validation rules applied?
Also, how should edge cases be handled within this feature?
Please clarify so that development can proceed without misalignment."
46,"Clarification needed for notification system","There are some ambiguities regarding the notification system feature.
We need more clarity on how it should behave in different scenarios.
For instance, what are the expected user flows and constraints?
Should there be any limits or validation rules applied?
Also, how should edge cases be handled within this feature?
Please clarify so that development can proceed without misalignment."
47,"Clarification needed for messaging system","There are some ambiguities regarding the messaging system feature.
We need more clarity on how it should behave in different scenarios.
For instance, what are the expected user flows and constraints?
Should there be any limits or validation rules applied?
Also, how should edge cases be handled within this feature?
Please clarify so that development can proceed without misalignment."
47,"Clarification needed for messaging system","There are some ambiguities regarding the messaging system feature.
We need more clarity on how it should behave in different scenarios.
For instance, what are the expected user flows and constraints?
Should there be any limits or validation rules applied?
Also, how should edge cases be handled within this feature?
Please clarify so that development can proceed without misalignment."
47,"Clarification needed for messaging system","There are some ambiguities regarding the messaging system feature.
We need more clarity on how it should behave in different scenarios.
For instance, what are the expected user flows and constraints?
Should there be any limits or validation rules applied?
Also, how should edge cases be handled within this feature?
Please clarify so that development can proceed without misalignment."
49,"Clarification needed for search functionality","There are some ambiguities regarding the search functionality feature.
We need more clarity on how it should behave in different scenarios.
For instance, what are the expected user flows and constraints?
Should there be any limits or validation rules applied?
Also, how should edge cases be handled within this feature?
Please clarify so that development can proceed without misalignment."
49,"Clarification needed for search functionality","There are some ambiguities regarding the search functionality feature.
We need more clarity on how it should behave in different scenarios.
For instance, what are the expected user flows and constraints?
Should there be any limits or validation rules applied?
Also, how should edge cases be handled within this feature?
Please clarify so that development can proceed without misalignment."
51,"Clarification needed for reporting dashboard","There are some ambiguities regarding the reporting dashboard feature.
We need more clarity on how it should behave in different scenarios.
For instance, what are the expected user flows and constraints?
Should there be any limits or validation rules applied?
Also, how should edge cases be handled within this feature?
Please clarify so that development can proceed without misalignment."
51,"Clarification needed for reporting dashboard","There are some ambiguities regarding the reporting dashboard feature.
We need more clarity on how it should behave in different scenarios.
For instance, what are the expected user flows and constraints?
Should there be any limits or validation rules applied?
Also, how should edge cases be handled within this feature?
Please clarify so that development can proceed without misalignment."
51,"Clarification needed for reporting dashboard","There are some ambiguities regarding the reporting dashboard feature.
We need more clarity on how it should behave in different scenarios.
For instance, what are the expected user flows and constraints?
Should there be any limits or validation rules applied?
Also, how should edge cases be handled within this feature?
Please clarify so that development can proceed without misalignment."
52,"Clarification needed for search functionality","There are some ambiguities regarding the search functionality feature.
We need more clarity on how it should behave in different scenarios.
For instance, what are the expected user flows and constraints?
Should there be any limits or validation rules applied?
Also, how should edge cases be handled within this feature?
Please clarify so that development can proceed without misalignment."
52,"Clarification needed for search functionality","There are some ambiguities regarding the search functionality feature.
We need more clarity on how it should behave in different scenarios.
For instance, what are the expected user flows and constraints?
Should there be any limits or validation rules applied?
Also, how should edge cases be handled within this feature?
Please clarify so that development can proceed without misalignment."
52,"Clarification needed for search functionality","There are some ambiguities regarding the search functionality feature.
We need more clarity on how it should behave in different scenarios.
For instance, what are the expected user flows and constraints?
Should there be any limits or validation rules applied?
Also, how should edge cases be handled within this feature?
Please clarify so that development can proceed without misalignment."
52,"Clarification needed for search functionality","There are some ambiguities regarding the search functionality feature.
We need more clarity on how it should behave in different scenarios.
For instance, what are the expected user flows and constraints?
Should there be any limits or validation rules applied?
Also, how should edge cases be handled within this feature?
Please clarify so that development can proceed without misalignment."
55,"Clarification needed for file upload","There are some ambiguities regarding the file upload feature.
We need more clarity on how it should behave in different scenarios.
For instance, what are the expected user flows and constraints?
Should there be any limits or validation rules applied?
Also, how should edge cases be handled within this feature?
Please clarify so that development can proceed without misalignment."
56,"Clarification needed for search functionality","There are some ambiguities regarding the search functionality feature.
We need more clarity on how it should behave in different scenarios.
For instance, what are the expected user flows and constraints?
Should there be any limits or validation rules applied?
Also, how should edge cases be handled within this feature?
Please clarify so that development can proceed without misalignment."
56,"Clarification needed for search functionality","There are some ambiguities regarding the search functionality feature.
We need more clarity on how it should behave in different scenarios.
For instance, what are the expected user flows and constraints?
Should there be any limits or validation rules applied?
Also, how should edge cases be handled within this feature?
Please clarify so that development can proceed without misalignment."
56,"Clarification needed for search functionality","There are some ambiguities regarding the search functionality feature.
We need more clarity on how it should behave in different scenarios.
For instance, what are the expected user flows and constraints?
Should there be any limits or validation rules applied?
Also, how should edge cases be handled within this feature?
Please clarify so that development can proceed without misalignment."
56,"Clarification needed for search functionality","There are some ambiguities regarding the search functionality feature.
We need more clarity on how it should behave in different scenarios.
For instance, what are the expected user flows and constraints?
Should there be any limits or validation rules applied?
Also, how should edge cases be handled within this feature?
Please clarify so that development can proceed without misalignment."
57,"Clarification needed for task management","There are some ambiguities regarding the task management feature.
We need more clarity on how it should behave in different scenarios.
For instance, what are the expected user flows and constraints?
Should there be any limits or validation rules applied?
Also, how should edge cases be handled within this feature?
Please clarify so that development can proceed without misalignment."
57,"Clarification needed for task management","There are some ambiguities regarding the task management feature.
We need more clarity on how it should behave in different scenarios.
For instance, what are the expected user flows and constraints?
Should there be any limits or validation rules applied?
Also, how should edge cases be handled within this feature?
Please clarify so that development can proceed without misalignment."
59,"Clarification needed for user profile","There are some ambiguities regarding the user profile feature.
We need more clarity on how it should behave in different scenarios.
For instance, what are the expected user flows and constraints?
Should there be any limits or validation rules applied?
Also, how should edge cases be handled within this feature?
Please clarify so that development can proceed without misalignment."
59,"Clarification needed for user profile","There are some ambiguities regarding the user profile feature.
We need more clarity on how it should behave in different scenarios.
For instance, what are the expected user flows and constraints?
Should there be any limits or validation rules applied?
Also, how should edge cases be handled within this feature?
Please clarify so that development can proceed without misalignment."
59,"Clarification needed for user profile","There are some ambiguities regarding the user profile feature.
We need more clarity on how it should behave in different scenarios.
For instance, what are the expected user flows and constraints?
Should there be any limits or validation rules applied?
Also, how should edge cases be handled within this feature?
Please clarify so that development can proceed without misalignment."
60,"Clarification needed for user authentication","There are some ambiguities regarding the user authentication feature.
We need more clarity on how it should behave in different scenarios.
For instance, what are the expected user flows and constraints?
Should there be any limits or validation rules applied?
Also, how should edge cases be handled within this feature?
Please clarify so that development can proceed without misalignment."
60,"Clarification needed for user authentication","There are some ambiguities regarding the user authentication feature.
We need more clarity on how it should behave in different scenarios.
For instance, what are the expected user flows and constraints?
Should there be any limits or validation rules applied?
Also, how should edge cases be handled within this feature?
Please clarify so that development can proceed without misalignment."
61,"Clarification needed for messaging system","There are some ambiguities regarding the messaging system feature.
We need more clarity on how it should behave in different scenarios.
For instance, what are the expected user flows and constraints?
Should there be any limits or validation rules applied?
Also, how should edge cases be handled within this feature?
Please clarify so that development can proceed without misalignment."
62,"Clarification needed for settings configuration","There are some ambiguities regarding the settings configuration feature.
We need more clarity on how it should behave in different scenarios.
For instance, what are the expected user flows and constraints?
Should there be any limits or validation rules applied?
Also, how should edge cases be handled within this feature?
Please clarify so that development can proceed without misalignment."
62,"Clarification needed for settings configuration","There are some ambiguities regarding the settings configuration feature.
We need more clarity on how it should behave in different scenarios.
For instance, what are the expected user flows and constraints?
Should there be any limits or validation rules applied?
Also, how should edge cases be handled within this feature?
Please clarify so that development can proceed without misalignment."
62,"Clarification needed for settings configuration","There are some ambiguities regarding the settings configuration feature.
We need more clarity on how it should behave in different scenarios.
For instance, what are the expected user flows and constraints?
Should there be any limits or validation rules applied?
Also, how should edge cases be handled within this feature?
Please clarify so that development can proceed without misalignment."
62,"Clarification needed for settings configuration","There are some ambiguities regarding the settings configuration feature.
We need more clarity on how it should behave in different scenarios.
For instance, what are the expected user flows and constraints?
Should there be any limits or validation rules applied?
Also, how should edge cases be handled within this feature?
Please clarify so that development can proceed without misalignment."
63,"Clarification needed for file upload","There are some ambiguities regarding the file upload feature.
We need more clarity on how it should behave in different scenarios.
For instance, what are the expected user flows and constraints?
Should there be any limits or validation rules applied?
Also, how should edge cases be handled within this feature?
Please clarify so that development can proceed without misalignment."
66,"Clarification needed for search functionality","There are some ambiguities regarding the search functionality feature.
We need more clarity on how it should behave in different scenarios.
For instance, what are the expected user flows and constraints?
Should there be any limits or validation rules applied?
Also, how should edge cases be handled within this feature?
Please clarify so that development can proceed without misalignment."
66,"Clarification needed for search functionality","There are some ambiguities regarding the search functionality feature.
We need more clarity on how it should behave in different scenarios.
For instance, what are the expected user flows and constraints?
Should there be any limits or validation rules applied?
Also, how should edge cases be handled within this feature?
Please clarify so that development can proceed without misalignment."
66,"Clarification needed for search functionality","There are some ambiguities regarding the search functionality feature.
We need more clarity on how it should behave in different scenarios.
For instance, what are the expected user flows and constraints?
Should there be any limits or validation rules applied?
Also, how should edge cases be handled within this feature?
Please clarify so that development can proceed without misalignment."
68,"Clarification needed for file upload","There are some ambiguities regarding the file upload feature.
We need more clarity on how it should behave in different scenarios.
For instance, what are the expected user flows and constraints?
Should there be any limits or validation rules applied?
Also, how should edge cases be handled within this feature?
Please clarify so that development can proceed without misalignment."
68,"Clarification needed for file upload","There are some ambiguities regarding the file upload feature.
We need more clarity on how it should behave in different scenarios.
For instance, what are the expected user flows and constraints?
Should there be any limits or validation rules applied?
Also, how should edge cases be handled within this feature?
Please clarify so that development can proceed without misalignment."
68,"Clarification needed for file upload","There are some ambiguities regarding the file upload feature.
We need more clarity on how it should behave in different scenarios.
For instance, what are the expected user flows and constraints?
Should there be any limits or validation rules applied?
Also, how should edge cases be handled within this feature?
Please clarify so that development can proceed without misalignment."
69,"Clarification needed for task management","There are some ambiguities regarding the task management feature.
We need more clarity on how it should behave in different scenarios.
For instance, what are the expected user flows and constraints?
Should there be any limits or validation rules applied?
Also, how should edge cases be handled within this feature?
Please clarify so that development can proceed without misalignment."
70,"Clarification needed for reporting dashboard","There are some ambiguities regarding the reporting dashboard feature.
We need more clarity on how it should behave in different scenarios.
For instance, what are the expected user flows and constraints?
Should there be any limits or validation rules applied?
Also, how should edge cases be handled within this feature?
Please clarify so that development can proceed without misalignment."
71,"Clarification needed for task management","There are some ambiguities regarding the task management feature.
We need more clarity on how it should behave in different scenarios.
For instance, what are the expected user flows and constraints?
Should there be any limits or validation rules applied?
Also, how should edge cases be handled within this feature?
Please clarify so that development can proceed without misalignment."
71,"Clarification needed for task management","There are some ambiguities regarding the task management feature.
We need more clarity on how it should behave in different scenarios.
For instance, what are the expected user flows and constraints?
Should there be any limits or validation rules applied?
Also, how should edge cases be handled within this feature?
Please clarify so that development can proceed without misalignment."
71,"Clarification needed for task management","There are some ambiguities regarding the task management feature.
We need more clarity on how it should behave in different scenarios.
For instance, what are the expected user flows and constraints?
Should there be any limits or validation rules applied?
Also, how should edge cases be handled within this feature?
Please clarify so that development can proceed without misalignment."
71,"Clarification needed for task management","There are some ambiguities regarding the task management feature.
We need more clarity on how it should behave in different scenarios.
For instance, what are the expected user flows and constraints?
Should there be any limits or validation rules applied?
Also, how should edge cases be handled within this feature?
Please clarify so that development can proceed without misalignment."
73,"Clarification needed for user authentication","There are some ambiguities regarding the user authentication feature.
We need more clarity on how it should behave in different scenarios.
For instance, what are the expected user flows and constraints?
Should there be any limits or validation rules applied?
Also, how should edge cases be handled within this feature?
Please clarify so that development can proceed without misalignment."
73,"Clarification needed for user authentication","There are some ambiguities regarding the user authentication feature.
We need more clarity on how it should behave in different scenarios.
For instance, what are the expected user flows and constraints?
Should there be any limits or validation rules applied?
Also, how should edge cases be handled within this feature?
Please clarify so that development can proceed without misalignment."
73,"Clarification needed for user authentication","There are some ambiguities regarding the user authentication feature.
We need more clarity on how it should behave in different scenarios.
For instance, what are the expected user flows and constraints?
Should there be any limits or validation rules applied?
Also, how should edge cases be handled within this feature?
Please clarify so that development can proceed without misalignment."
73,"Clarification needed for user authentication","There are some ambiguities regarding the user authentication feature.
We need more clarity on how it should behave in different scenarios.
For instance, what are the expected user flows and constraints?
Should there be any limits or validation rules applied?
Also, how should edge cases be handled within this feature?
Please clarify so that development can proceed without misalignment."
74,"Clarification needed for notification system","There are some ambiguities regarding the notification system feature.
We need more clarity on how it should behave in different scenarios.
For instance, what are the expected user flows and constraints?
Should there be any limits or validation rules applied?
Also, how should edge cases be handled within this feature?
Please clarify so that development can proceed without misalignment."
74,"Clarification needed for notification system","There are some ambiguities regarding the notification system feature.
We need more clarity on how it should behave in different scenarios.
For instance, what are the expected user flows and constraints?
Should there be any limits or validation rules applied?
Also, how should edge cases be handled within this feature?
Please clarify so that development can proceed without misalignment."
74,"Clarification needed for notification system","There are some ambiguities regarding the notification system feature.
We need more clarity on how it should behave in different scenarios.
For instance, what are the expected user flows and constraints?
Should there be any limits or validation rules applied?
Also, how should edge cases be handled within this feature?
Please clarify so that development can proceed without misalignment."
74,"Clarification needed for notification system","There are some ambiguities regarding the notification system feature.
We need more clarity on how it should behave in different scenarios.
For instance, what are the expected user flows and constraints?
Should there be any limits or validation rules applied?
Also, how should edge cases be handled within this feature?
Please clarify so that development can proceed without misalignment."
77,"Clarification needed for task management","There are some ambiguities regarding the task management feature.
We need more clarity on how it should behave in different scenarios.
For instance, what are the expected user flows and constraints?
Should there be any limits or validation rules applied?
Also, how should edge cases be handled within this feature?
Please clarify so that development can proceed without misalignment."
77,"Clarification needed for task management","There are some ambiguities regarding the task management feature.
We need more clarity on how it should behave in different scenarios.
For instance, what are the expected user flows and constraints?
Should there be any limits or validation rules applied?
Also, how should edge cases be handled within this feature?
Please clarify so that development can proceed without misalignment."
77,"Clarification needed for task management","There are some ambiguities regarding the task management feature.
We need more clarity on how it should behave in different scenarios.
For instance, what are the expected user flows and constraints?
Should there be any limits or validation rules applied?
Also, how should edge cases be handled within this feature?
Please clarify so that development can proceed without misalignment."
77,"Clarification needed for task management","There are some ambiguities regarding the task management feature.
We need more clarity on how it should behave in different scenarios.
For instance, what are the expected user flows and constraints?
Should there be any limits or validation rules applied?
Also, how should edge cases be handled within this feature?
Please clarify so that development can proceed without misalignment."
78,"Clarification needed for task management","There are some ambiguities regarding the task management feature.
We need more clarity on how it should behave in different scenarios.
For instance, what are the expected user flows and constraints?
Should there be any limits or validation rules applied?
Also, how should edge cases be handled within this feature?
Please clarify so that development can proceed without misalignment."
78,"Clarification needed for task management","There are some ambiguities regarding the task management feature.
We need more clarity on how it should behave in different scenarios.
For instance, what are the expected user flows and constraints?
Should there be any limits or validation rules applied?
Also, how should edge cases be handled within this feature?
Please clarify so that development can proceed without misalignment."
78,"Clarification needed for task management","There are some ambiguities regarding the task management feature.
We need more clarity on how it should behave in different scenarios.
For instance, what are the expected user flows and constraints?
Should there be any limits or validation rules applied?
Also, how should edge cases be handled within this feature?
Please clarify so that development can proceed without misalignment."
78,"Clarification needed for task management","There are some ambiguities regarding the task management feature.
We need more clarity on how it should behave in different scenarios.
For instance, what are the expected user flows and constraints?
Should there be any limits or validation rules applied?
Also, how should edge cases be handled within this feature?
Please clarify so that development can proceed without misalignment."
79,"Clarification needed for search functionality","There are some ambiguities regarding the search functionality feature.
We need more clarity on how it should behave in different scenarios.
For instance, what are the expected user flows and constraints?
Should there be any limits or validation rules applied?
Also, how should edge cases be handled within this feature?
Please clarify so that development can proceed without misalignment."
80,"Clarification needed for file upload","There are some ambiguities regarding the file upload feature.
We need more clarity on how it should behave in different scenarios.
For instance, what are the expected user flows and constraints?
Should there be any limits or validation rules applied?
Also, how should edge cases be handled within this feature?
Please clarify so that development can proceed without misalignment."
80,"Clarification needed for file upload","There are some ambiguities regarding the file upload feature.
We need more clarity on how it should behave in different scenarios.
For instance, what are the expected user flows and constraints?
Should there be any limits or validation rules applied?
Also, how should edge cases be handled within this feature?
Please clarify so that development can proceed without misalignment."
80,"Clarification needed for file upload","There are some ambiguities regarding the file upload feature.
We need more clarity on how it should behave in different scenarios.
For instance, what are the expected user flows and constraints?
Should there be any limits or validation rules applied?
Also, how should edge cases be handled within this feature?
Please clarify so that development can proceed without misalignment."
80,"Clarification needed for file upload","There are some ambiguities regarding the file upload feature.
We need more clarity on how it should behave in different scenarios.
For instance, what are the expected user flows and constraints?
Should there be any limits or validation rules applied?
Also, how should edge cases be handled within this feature?
Please clarify so that development can proceed without misalignment."
81,"Clarification needed for messaging system","There are some ambiguities regarding the messaging system feature.
We need more clarity on how it should behave in different scenarios.
For instance, what are the expected user flows and constraints?
Should there be any limits or validation rules applied?
Also, how should edge cases be handled within this feature?
Please clarify so that development can proceed without misalignment."
81,"Clarification needed for messaging system","There are some ambiguities regarding the messaging system feature.
We need more clarity on how it should behave in different scenarios.
For instance, what are the expected user flows and constraints?
Should there be any limits or validation rules applied?
Also, how should edge cases be handled within this feature?
Please clarify so that development can proceed without misalignment."
81,"Clarification needed for messaging system","There are some ambiguities regarding the messaging system feature.
We need more clarity on how it should behave in different scenarios.
For instance, what are the expected user flows and constraints?
Should there be any limits or validation rules applied?
Also, how should edge cases be handled within this feature?
Please clarify so that development can proceed without misalignment."
82,"Clarification needed for analytics module","There are some ambiguities regarding the analytics module feature.
We need more clarity on how it should behave in different scenarios.
For instance, what are the expected user flows and constraints?
Should there be any limits or validation rules applied?
Also, how should edge cases be handled within this feature?
Please clarify so that development can proceed without misalignment."
82,"Clarification needed for analytics module","There are some ambiguities regarding the analytics module feature.
We need more clarity on how it should behave in different scenarios.
For instance, what are the expected user flows and constraints?
Should there be any limits or validation rules applied?
Also, how should edge cases be handled within this feature?
Please clarify so that development can proceed without misalignment."
82,"Clarification needed for analytics module","There are some ambiguities regarding the analytics module feature.
We need more clarity on how it should behave in different scenarios.
For instance, what are the expected user flows and constraints?
Should there be any limits or validation rules applied?
Also, how should edge cases be handled within this feature?
Please clarify so that development can proceed without misalignment."
83,"Clarification needed for messaging system","There are some ambiguities regarding the messaging system feature.
We need more clarity on how it should behave in different scenarios.
For instance, what are the expected user flows and constraints?
Should there be any limits or validation rules applied?
Also, how should edge cases be handled within this feature?
Please clarify so that development can proceed without misalignment."
83,"Clarification needed for messaging system","There are some ambiguities regarding the messaging system feature.
We need more clarity on how it should behave in different scenarios.
For instance, what are the expected user flows and constraints?
Should there be any limits or validation rules applied?
Also, how should edge cases be handled within this feature?
Please clarify so that development can proceed without misalignment."
83,"Clarification needed for messaging system","There are some ambiguities regarding the messaging system feature.
We need more clarity on how it should behave in different scenarios.
For instance, what are the expected user flows and constraints?
Should there be any limits or validation rules applied?
Also, how should edge cases be handled within this feature?
Please clarify so that development can proceed without misalignment."
85,"Clarification needed for user profile","There are some ambiguities regarding the user profile feature.
We need more clarity on how it should behave in different scenarios.
For instance, what are the expected user flows and constraints?
Should there be any limits or validation rules applied?
Also, how should edge cases be handled within this feature?
Please clarify so that development can proceed without misalignment."
85,"Clarification needed for user profile","There are some ambiguities regarding the user profile feature.
We need more clarity on how it should behave in different scenarios.
For instance, what are the expected user flows and constraints?
Should there be any limits or validation rules applied?
Also, how should edge cases be handled within this feature?
Please clarify so that development can proceed without misalignment."
85,"Clarification needed for user profile","There are some ambiguities regarding the user profile feature.
We need more clarity on how it should behave in different scenarios.
For instance, what are the expected user flows and constraints?
Should there be any limits or validation rules applied?
Also, how should edge cases be handled within this feature?
Please clarify so that development can proceed without misalignment."
85,"Clarification needed for user profile","There are some ambiguities regarding the user profile feature.
We need more clarity on how it should behave in different scenarios.
For instance, what are the expected user flows and constraints?
Should there be any limits or validation rules applied?
Also, how should edge cases be handled within this feature?
Please clarify so that development can proceed without misalignment."
86,"Clarification needed for messaging system","There are some ambiguities regarding the messaging system feature.
We need more clarity on how it should behave in different scenarios.
For instance, what are the expected user flows and constraints?
Should there be any limits or validation rules applied?
Also, how should edge cases be handled within this feature?
Please clarify so that development can proceed without misalignment."
86,"Clarification needed for messaging system","There are some ambiguities regarding the messaging system feature.
We need more clarity on how it should behave in different scenarios.
For instance, what are the expected user flows and constraints?
Should there be any limits or validation rules applied?
Also, how should edge cases be handled within this feature?
Please clarify so that development can proceed without misalignment."
87,"Clarification needed for notification system","There are some ambiguities regarding the notification system feature.
We need more clarity on how it should behave in different scenarios.
For instance, what are the expected user flows and constraints?
Should there be any limits or validation rules applied?
Also, how should edge cases be handled within this feature?
Please clarify so that development can proceed without misalignment."
87,"Clarification needed for notification system","There are some ambiguities regarding the notification system feature.
We need more clarity on how it should behave in different scenarios.
For instance, what are the expected user flows and constraints?
Should there be any limits or validation rules applied?
Also, how should edge cases be handled within this feature?
Please clarify so that development can proceed without misalignment."
87,"Clarification needed for notification system","There are some ambiguities regarding the notification system feature.
We need more clarity on how it should behave in different scenarios.
For instance, what are the expected user flows and constraints?
Should there be any limits or validation rules applied?
Also, how should edge cases be handled within this feature?
Please clarify so that development can proceed without misalignment."
90,"Clarification needed for user authentication","There are some ambiguities regarding the user authentication feature.
We need more clarity on how it should behave in different scenarios.
For instance, what are the expected user flows and constraints?
Should there be any limits or validation rules applied?
Also, how should edge cases be handled within this feature?
Please clarify so that development can proceed without misalignment."
90,"Clarification needed for user authentication","There are some ambiguities regarding the user authentication feature.
We need more clarity on how it should behave in different scenarios.
For instance, what are the expected user flows and constraints?
Should there be any limits or validation rules applied?
Also, how should edge cases be handled within this feature?
Please clarify so that development can proceed without misalignment."
91,"Clarification needed for task management","There are some ambiguities regarding the task management feature.
We need more clarity on how it should behave in different scenarios.
For instance, what are the expected user flows and constraints?
Should there be any limits or validation rules applied?
Also, how should edge cases be handled within this feature?
Please clarify so that development can proceed without misalignment."
91,"Clarification needed for task management","There are some ambiguities regarding the task management feature.
We need more clarity on how it should behave in different scenarios.
For instance, what are the expected user flows and constraints?
Should there be any limits or validation rules applied?
Also, how should edge cases be handled within this feature?
Please clarify so that development can proceed without misalignment."
92,"Clarification needed for search functionality","There are some ambiguities regarding the search functionality feature.
We need more clarity on how it should behave in different scenarios.
For instance, what are the expected user flows and constraints?
Should there be any limits or validation rules applied?
Also, how should edge cases be handled within this feature?
Please clarify so that development can proceed without misalignment."
92,"Clarification needed for search functionality","There are some ambiguities regarding the search functionality feature.
We need more clarity on how it should behave in different scenarios.
For instance, what are the expected user flows and constraints?
Should there be any limits or validation rules applied?
Also, how should edge cases be handled within this feature?
Please clarify so that development can proceed without misalignment."
92,"Clarification needed for search functionality","There are some ambiguities regarding the search functionality feature.
We need more clarity on how it should behave in different scenarios.
For instance, what are the expected user flows and constraints?
Should there be any limits or validation rules applied?
Also, how should edge cases be handled within this feature?
Please clarify so that development can proceed without misalignment."
94,"Clarification needed for task management","There are some ambiguities regarding the task management feature.
We need more clarity on how it should behave in different scenarios.
For instance, what are the expected user flows and constraints?
Should there be any limits or validation rules applied?
Also, how should edge cases be handled within this feature?
Please clarify so that development can proceed without misalignment."
94,"Clarification needed for task management","There are some ambiguities regarding the task management feature.
We need more clarity on how it should behave in different scenarios.
For instance, what are the expected user flows and constraints?
Should there be any limits or validation rules applied?
Also, how should edge cases be handled within this feature?
Please clarify so that development can proceed without misalignment."
95,"Clarification needed for reporting dashboard","There are some ambiguities regarding the reporting dashboard feature.
We need more clarity on how it should behave in different scenarios.
For instance, what are the expected user flows and constraints?
Should there be any limits or validation rules applied?
Also, how should edge cases be handled within this feature?
Please clarify so that development can proceed without misalignment."
95,"Clarification needed for reporting dashboard","There are some ambiguities regarding the reporting dashboard feature.
We need more clarity on how it should behave in different scenarios.
For instance, what are the expected user flows and constraints?
Should there be any limits or validation rules applied?
Also, how should edge cases be handled within this feature?
Please clarify so that development can proceed without misalignment."
96,"Clarification needed for user profile","There are some ambiguities regarding the user profile feature.
We need more clarity on how it should behave in different scenarios.
For instance, what are the expected user flows and constraints?
Should there be any limits or validation rules applied?
Also, how should edge cases be handled within this feature?
Please clarify so that development can proceed without misalignment."
96,"Clarification needed for user profile","There are some ambiguities regarding the user profile feature.
We need more clarity on how it should behave in different scenarios.
For instance, what are the expected user flows and constraints?
Should there be any limits or validation rules applied?
Also, how should edge cases be handled within this feature?
Please clarify so that development can proceed without misalignment."
96,"Clarification needed for user profile","There are some ambiguities regarding the user profile feature.
We need more clarity on how it should behave in different scenarios.
For instance, what are the expected user flows and constraints?
Should there be any limits or validation rules applied?
Also, how should edge cases be handled within this feature?
Please clarify so that development can proceed without misalignment."
96,"Clarification needed for user profile","There are some ambiguities regarding the user profile feature.
We need more clarity on how it should behave in different scenarios.
For instance, what are the expected user flows and constraints?
Should there be any limits or validation rules applied?
Also, how should edge cases be handled within this feature?
Please clarify so that development can proceed without misalignment."
98,"Clarification needed for task management","There are some ambiguities regarding the task management feature.
We need more clarity on how it should behave in different scenarios.
For instance, what are the expected user flows and constraints?
Should there be any limits or validation rules applied?
Also, how should edge cases be handled within this feature?
Please clarify so that development can proceed without misalignment."
99,"Clarification needed for analytics module","There are some ambiguities regarding the analytics module feature.
We need more clarity on how it should behave in different scenarios.
For instance, what are the expected user flows and constraints?
Should there be any limits or validation rules applied?
Also, how should edge cases be handled within this feature?
Please clarify so that development can proceed without misalignment."
100,"Clarification needed for task management","There are some ambiguities regarding the task management feature.
We need more clarity on how it should behave in different scenarios.
For instance, what are the expected user flows and constraints?
Should there be any limits or validation rules applied?
Also, how should edge cases be handled within this feature?
Please clarify so that development can proceed without misalignment."
100,"Clarification needed for task management","There are some ambiguities regarding the task management feature.
We need more clarity on how it should behave in different scenarios.
For instance, what are the expected user flows and constraints?
Should there be any limits or validation rules applied?
Also, how should edge cases be handled within this feature?
Please clarify so that development can proceed without misalignment."
100,"Clarification needed for task management","There are some ambiguities regarding the task management feature.
We need more clarity on how it should behave in different scenarios.
For instance, what are the expected user flows and constraints?
Should there be any limits or validation rules applied?
Also, how should edge cases be handled within this feature?
Please clarify so that development can proceed without misalignment."
100,"Clarification needed for task management","There are some ambiguities regarding the task management feature.
We need more clarity on how it should behave in different scenarios.
For instance, what are the expected user flows and constraints?
Should there be any limits or validation rules applied?
Also, how should edge cases be handled within this feature?
Please clarify so that development can proceed without misalignment."
